Name,Type,Link,Price
Key pulling,switch,https://www.reddit.com/r/MechanicalKeyboards/wiki/key_removal_guides#wiki_cherry_mx_key_removal,
Lube MX Switches,switch,https://www.youtube.com/watch?v=44Wv4OGdmu4,
Lube switches,switch,https://www.youtube.com/watch?v=jjeyFk2v5fM,
O Rings for bottom out,switch,https://www.youtube.com/watch?v=SQcdgUKV6dU,
Switch mods,switch,https://www.reddit.com/r/MechanicalKeyboards/wiki/cherrymx_modifications,
Fit other switches on Tecware,keyboard,https://www.youtube.com/watch?v=-JJ3B6WRzXk,
Lube switch + stablizes,keyboard,,
Overall mod,keyboard,https://www.reddit.com/r/MechanicalKeyboards/comments/g4jfzn/tecware_phantom_my_first_foray_into_modding/,
Sorbathene feet,keyboard,,
Sound dampener,keyboard,https://www.reddit.com/r/MechanicalKeyboards/comments/2ilcr7/enjoy_your_nonpinging_feeling_clears/,
Type C mod,keyboard,https://www.youtube.com/watch?v=QP7cKKfd3C8,
Lube stabilizers,stabilizers,https://www.youtube.com/watch?v=usNx1_d0HbQ,
Remove stabilizers,stabilizers,https://www.reddit.com/r/MechanicalKeyboards/wiki/index,